{"name":"ext-quicklaunch","friendlyName":"Shell Quick Launch Extension","description":"Adds quick launch to the taskbar (reboot required).","author":"Windows 96 Team (https://windows96.net)","category":"other","version":1.1,"installedSize":2275,"downloadSize":2571,"feature_requirements":[],"min_os_version":300000,"max_os_version":999999999,"depends":[],"iconFiles":{"32x32":"https://packages.windows96.net/r3-main/dist/e/ext-quicklaunch/icon32.png"},"repo":"https://packages.windows96.net/r3-main","repoIndex":0,"repoId":"r3-main","readmeFile":"","packageRoot":"https://packages.windows96.net/r3-main/dist/e/ext-quicklaunch","zKeys":["README.txt","scripts/install.js","scripts/repair.js","scripts/uninstall.js","unpack/root/","unpack/root/system/","unpack/root/system/boot/","unpack/root/system/boot/quicklaunch.ext.js","unpack/root/system/etc/","unpack/root/system/etc/quick-launch/","unpack/root/system/etc/quick-launch/README.txt"]}